Purpose,Channel,Dimmer,Address,Position,Unit#,Instrument Type,Load,Accessory,Color,Gobo,Gobo Size,Circuit Name,Circuit#,Cable,Data Cable,Mark,System,User 1,User 2,User 3,User 4,User 5,User 6,User 7,User 8,User 9,User 10,User 11,User 12,User 13,User 14,User 15,User 16,User 17,User 18,User 19,User 20,User 21,User 22,User 23,User 24,Scenery,Focus L/R,Focus U/D,Focus Note,US,DS,SR,SL,Top,Bot,Focus Status,Axis,Beam,VW Layer,VW Label Legend,VW Class,VW X Coordinate,VW Y Coordinate,VW Z Coordinate,VW Symbol Rotation,VW Focus Point,Order of Light within Position,Lightwright ID,Vectorworks UID,Symbol,On Light Plot,Universe,DMX#,Dimmer Phase,Position Order,Work Note Status,Device Type,Color Frame,"When, What, and Who Changed",Position & Unit#,Instrument Type & Accessory,Instrument Type & Load,Instrument Type & Accessory & Load,Circuit Name & Circuit#,Color & Gobo,Color Flags,DMX Qty,Instrument Type Weight
,(211),,7/1,,1,H1 Freedoms,,,,,,,,,,,B,,,,,,,,,,,,,,,,,,,,,,,,,,,,,,,,,,,Not,,,,,,,,,,,1,3CF413:4D71:22:37:Jonat,,,Adding,7,1,,0,,Practical,,,#1,H1 Freedoms,H1 Freedoms,H1 Freedoms,,,,12,
,(212),,7/420,,2,H1 Freedoms,,,,,,,,,,,B,,,,,,,,,,,,,,,,,,,,,,,,,,,,,,,,,,,Not,,,,,,,,,,,2,7844CD:4D77:22:3B:Jonat,,,Adding,7,420,,0,,Practical,,,#2,H1 Freedoms,H1 Freedoms,H1 Freedoms,,,,12,
,(221),101,1/101,LX1 (Fly4),1,ETC Source4 50deg,750w,,R371,,,,,,,,B,,,,,,,,,,,,,,,,,,,,,,,,,,,,,,,,,,,Not,,,,,,,,,,,1,580B89:4DC9:2C:7:Jonat,,,No,1,101,,1,,Light,,,LX1 (Fly4) #1,ETC Source4 50deg,ETC Source4 50deg 750w,ETC Source4 50deg 750w,,R371,,1,8.5 kg
,(51),85,2/1,LX1 (Fly4),2,Chauvet F915FC,260w,Barndoors,,,,,,,FP202-2,,B,,,18,,,,,,,,,,,,,,,,,,,,,,,,,,,,,,,,Not,,,,,,,,,,,2,17A792:3348:3B:1:Jonat,,,Adding,2,1,,1,,Light,,10/10/2023 at 19:15 - DataCbl  by me,LX1 (Fly4) #2,Chauvet F915FC+Barndoors,Chauvet F915FC 260w,Chauvet F915FC+Barndoors 260w,,,,18,8.6 kg
,(139),86,1/86,LX1 (Fly4),3,ETC Source4 26deg,750w,26 deg Lens,R371,,,,,,,,B,,,1,,,,,,,,,,,,,,,,,,,,,,,,,,,,,,,,Not,,,,,,,,,,,3,EACA4:336C:3B:2E:Jonat,,,Adding,1,86,,1,,Light,,10/10/2023 at 19:15 - DataCbl  by me,LX1 (Fly4) #3,ETC Source4 26deg+26 deg Lens,ETC Source4 26deg 750w,ETC Source4 26deg+26 deg Lens 750w,,R371,,1,8.5 kg
,(140),87,1/87,LX1 (Fly4),4,ETC Source4 26deg,750w,26 deg Lens,R371,,,,,,,,B,,,1,,,,,,,,,,,,,,,,,,,,,,,,,,,,,,,,Not,,,,,,,,,,,4,51A9B0:3375:3B:3A:Jonat,,,Adding,1,87,,1,,Light,,10/10/2023 at 19:15 - DataCbl  by me,LX1 (Fly4) #4,ETC Source4 26deg+26 deg Lens,ETC Source4 26deg 750w,ETC Source4 26deg+26 deg Lens 750w,,R371,,1,8.5 kg
,(52),85,2/19,LX1 (Fly4),5,Chauvet F915FC,260w,Barndoors,,,,,,,FP202-2,,B,,-> 51,18,,,,,,,,,,,,,,,,,,,,,,,,,,,,,,,,Not,,,,,,,,,,,5,94B50D:3351:3B:7:Jonat,,,Adding,2,19,,1,,Light,,10/10/2023 at 19:31 - Usr2  by me,LX1 (Fly4) #5,Chauvet F915FC+Barndoors,Chauvet F915FC 260w,Chauvet F915FC+Barndoors 260w,,,,18,8.6 kg
,(141),88,1/88,LX1 (Fly4),6,ETC Source4 26deg,750w,26 deg Lens,R371,,,,,,,,B,,,1,,,,,,,,,,,,,,,,,,,,,,,,,,,,,,,,Not,,,,,,,,,,,6,16FF4E:337E:0:4:Jonat,,,Adding,1,88,,1,,Light,,10/10/2023 at 19:15 - DataCbl  by me,LX1 (Fly4) #6,ETC Source4 26deg+26 deg Lens,ETC Source4 26deg 750w,ETC Source4 26deg+26 deg Lens 750w,,R371,,1,8.5 kg
,(53),85,2/37,LX1 (Fly4),7,Chauvet F915FC,260w,Barndoors,,,,,,,FP202-2,,B,,-> 51 -> 52,18,,,,,,,,,,,,,,,,,,,,,,,,,,,,,,,,Not,,,,,,,,,,,7,1A4199:335A:3B:E:Jonat,,,Adding,2,37,,1,,Light,,10/10/2023 at 19:31 - Usr2  by me,LX1 (Fly4) #7,Chauvet F915FC+Barndoors,Chauvet F915FC 260w,Chauvet F915FC+Barndoors 260w,,,,18,8.6 kg
,(142),89,1/89,LX1 (Fly4),8,ETC Source4 26deg,750w,26 deg Lens,R371,,,,,,,,B,,,1,,,,,,,,,,,,,,,,,,,,,,,,,,,,,,,,Not,,,,,,,,,,,8,61E60F:3387:0:8:Jonat,,,Adding,1,89,,1,,Light,,10/10/2023 at 14:24 - Usr3  by me,LX1 (Fly4) #8,ETC Source4 26deg+26 deg Lens,ETC Source4 26deg 750w,ETC Source4 26deg+26 deg Lens 750w,,R371,,1,8.5 kg
,(143),90,1/90,LX1 (Fly4),9,ETC Source4 26deg,750w,26 deg Lens,R371,,,,,,,,B,,,1,,,,,,,,,,,,,,,,,,,,,,,,,,,,,,,,Not,,,,,,,,,,,9,7B519B:3390:0:D:Jonat,,,Adding,1,90,,1,,Light,,10/10/2023 at 14:24 - Usr3  by me,LX1 (Fly4) #9,ETC Source4 26deg+26 deg Lens,ETC Source4 26deg 750w,ETC Source4 26deg+26 deg Lens 750w,,R371,,1,8.5 kg
,(54),85,2/55,LX1 (Fly4),10,Chauvet F915FC,260w,Barndoors,,,,,,,FP202-2,,B,,-> 51 -> 52 -> 53,18,,,,,,,,,,,,,,,,,,,,,,,,,,,,,,,,Not,,,,,,,,,,,10,358F7B:3363:3B:15:Jonat,,,Adding,2,55,,1,,Light,,10/10/2023 at 19:31 - Usr2  by me,LX1 (Fly4) #10,Chauvet F915FC+Barndoors,Chauvet F915FC 260w,Chauvet F915FC+Barndoors 260w,,,,18,8.6 kg
,(222),102,1/102,LX1 (Fly4),11,ETC Source4 50deg,750w,,R371,,,,,,,,B,,,,,,,,,,,,,,,,,,,,,,,,,,,,,,,,,,,Not,,,,,,,,,,,11,83165B:4DD0:2C:D:Jonat,,,No,1,102,,1,,Light,,,LX1 (Fly4) #11,ETC Source4 50deg,ETC Source4 50deg 750w,ETC Source4 50deg 750w,,R371,,1,8.5 kg
,(81),103,2/127,LX2 (Fly10),1,Varilite VL2600 Profile,820w,,,,,,,,FP203-2,,B,,,47,,,,,,,,,,,,,,,,,,,,,,,,,,,,,,,,Not,,,,,,,,,,,1,2C94C1:32C8:37:35:Jonat,,,No,2,127,,2,,Moving Light,,10/10/2023 at 19:15 - DataCbl  by me,LX2 (Fly10) #1,Varilite VL2600 Profile,Varilite VL2600 Profile 820w,Varilite VL2600 Profile 820w,,,,47,32 kg
,(82),104,2/174,LX2 (Fly10),2,Varilite VL2600 Profile,820w,,,,,,,,FP203-2,,B,,-> 81,47,,,,,,,,,,,,,,,,,,,,,,,,,,,,,,,,Not,,,,,,,,,,,2,862190:32D1:37:39:Jonat,,,No,2,174,,2,,Moving Light,,10/10/2023 at 19:31 - Usr2  by me,LX2 (Fly10) #2,Varilite VL2600 Profile,Varilite VL2600 Profile 820w,Varilite VL2600 Profile 820w,,,,47,32 kg
,(76),105,2/420,LX2 (Fly10),3,GLP S350,550w,,,,,,,,FP203-2,,B,,-> 81 -> 82,35,,,,,,,,,,,,,,,,,,,,,,,,,,,,,,,,Not,,,,,,,,,,,3,184CE7:32EC:38:12:Jonat,,,Adding,2,420,,2,,Moving Light,,10/10/2023 at 19:32 - Usr2  by me,LX2 (Fly10) #3,GLP S350,GLP S350 550w,GLP S350 550w,,,,35,25.5 kg
,(83),106,2/221,LX2 (Fly10),4,Varilite VL2600 Profile,820w,,,,,,,,FP203-2,,B,,-> 81 -> 82 -> 76,47,,,,,,,,,,,,,,,,,,,,,,,,,,,,,,,,Not,,,,,,,,,,,4,335BFF:32DA:38:2:Jonat,,,No,2,221,,2,,Moving Light,,10/10/2023 at 19:31 - Usr2  by me,LX2 (Fly10) #4,Varilite VL2600 Profile,Varilite VL2600 Profile 820w,Varilite VL2600 Profile 820w,,,,47,32 kg
,(84),107,2/268,LX2 (Fly10),5,Varilite VL2600 Profile,820w,,,,,,,,FP203-2,,B,,-> 81 -> 82 -> 76 -> 83,47,,,,,,,,,,,,,,,,,,,,,,,,,,,,,,,,Not,,,,,,,,,,,5,3020DC:32E3:38:7:Jonat,,,No,2,268,,2,,Moving Light,,10/10/2023 at 19:32 - Usr2  by me,LX2 (Fly10) #5,Varilite VL2600 Profile,Varilite VL2600 Profile 820w,Varilite VL2600 Profile 820w,,,,47,32 kg
,(91),115,4/254,LX3 (Fly14),1,GLP X4L,900w,,,,,,,,FP204-1,,B,,,31,,,,,,,,,,,,,,,,,,,,,,,,,,,,,,,,Not,,,,,,,,,,,1,854DF0:329B:36:2F:Jonat,,,Adding,4,254,,3,,Moving Light,,10/10/2023 at 19:17 - DataCbl  by me,LX3 (Fly14) #1,GLP X4L,GLP X4L 900w,GLP X4L 900w,,,,31,17 kg
,(55),116,4/200,LX3 (Fly14),2,Chauvet F915FC,260w,Barndoors,,,,,,,FP204-1,,B,,-> 91,18,,,,,,,,,,,,,,,,,,,,,,,,,,,,,,,,Not,,,,,,,,,,,2,31FA81:32AD:37:8:Jonat,,,Adding,4,200,,3,,Light,,10/10/2023 at 19:36 - Usr2  by me,LX3 (Fly14) #2,Chauvet F915FC+Barndoors,Chauvet F915FC 260w,Chauvet F915FC+Barndoors 260w,,,,18,8.6 kg
,(56),116,4/218,LX3 (Fly14),3,Chauvet F915FC,260w,Barndoors,,,,,,,FP204-1,,B,,-> 91 -> 55,18,,,,,,,,,,,,,,,,,,,,,,,,,,,,,,,,Not,,,,,,,,,,,3,183C06:32B6:37:D:Jonat,,,Adding,4,218,,3,,Light,,10/10/2023 at 19:36 - Usr2  by me,LX3 (Fly14) #3,Chauvet F915FC+Barndoors,Chauvet F915FC 260w,Chauvet F915FC+Barndoors 260w,,,,18,8.6 kg
,(57),116,4/236,LX3 (Fly14),4,Chauvet F915FC,260w,Barndoors,,,,,,,FP204-1,,B,,-> 91 -> 55 -> 56,18,,,,,,,,,,,,,,,,,,,,,,,,,,,,,,,,Not,,,,,,,,,,,4,30D67E:32BF:37:11:Jonat,,,Adding,4,236,,3,,Light,,10/10/2023 at 19:36 - Usr2  by me,LX3 (Fly14) #4,Chauvet F915FC+Barndoors,Chauvet F915FC 260w,Chauvet F915FC+Barndoors 260w,,,,18,8.6 kg
,(92),118,4/285,LX3 (Fly14),5,GLP X4L,900w,,,,,,,,FP204-1,,B,,-> 91 -> 55 -> 56 -> 57,31,,,,,,,,,,,,,,,,,,,,,,,,,,,,,,,,Not,,,,,,,,,,,5,4D909:32A4:36:36:Jonat,,,Adding,4,285,,3,,Moving Light,,10/10/2023 at 19:36 - Usr2  by me,LX3 (Fly14) #5,GLP X4L,GLP X4L 900w,GLP X4L 900w,,,,31,17 kg
,(101),119,8/1,LX4 (Fly16),1,Chauvet B-2805FC,620w,,,,,,,,FP205-1,,B,,,135,,,,,,,,,,,,,,,,,,,,,,,,,,,,,,,,Not,,,,,,,,,,,1,77761C:326E:32:A:Jonat,,,Adding,8,1,,4,,Light,,10/10/2023 at 19:17 - DataCbl  by me,LX4 (Fly16) #1,Chauvet B-2805FC,Chauvet B-2805FC 620w,Chauvet B-2805FC 620w,,,,135,20.5 kg
,(102),119,8/136,LX4 (Fly16),2,Chauvet B-2805FC,620w,,,,,,,,FP205-1,,B,,-> 101,135,,,,,,,,,,,,,,,,,,,,,,,,,,,,,,,,Not,,,,,,,,,,,2,3A8BE:3277:32:E:Jonat,,,Adding,8,136,,4,,Light,,10/10/2023 at 19:33 - Usr2  by me,LX4 (Fly16) #2,Chauvet B-2805FC,Chauvet B-2805FC 620w,Chauvet B-2805FC 620w,,,,135,20.5 kg
,(103),119,8/271,LX4 (Fly16),3,Chauvet B-2805FC,620w,,,,,,,,FP205-1,,B,,-> 101 -> 102,135,,,,,,,,,,,,,,,,,,,,,,,,,,,,,,,,Not,,,,,,,,,,,3,685560:3280:32:11:Jonat,,,Adding,8,271,,4,,Light,,10/10/2023 at 19:33 - Usr2  by me,LX4 (Fly16) #3,Chauvet B-2805FC,Chauvet B-2805FC 620w,Chauvet B-2805FC 620w,,,,135,20.5 kg
,(104),120,9/1,LX4 (Fly16),4,Chauvet B-2805FC,620w,,,,,,,,FP205-2,,B,,,135,,,,,,,,,,,,,,,,,,,,,,,,,,,,,,,,Not,,,,,,,,,,,4,60ACD3:3289:32:17:Jonat,,,Adding,9,1,,4,,Light,,10/10/2023 at 19:17 - DataCbl  by me,LX4 (Fly16) #4,Chauvet B-2805FC,Chauvet B-2805FC 620w,Chauvet B-2805FC 620w,,,,135,20.5 kg
,(105),120,9/136,LX4 (Fly16),5,Chauvet B-2805FC,620w,,,,,,,,FP205-2,,B,,-> 104,135,,,,,,,,,,,,,,,,,,,,,,,,,,,,,,,,Not,,,,,,,,,,,5,647B37:3292:32:1B:Jonat,,,Adding,9,136,,4,,Light,,10/10/2023 at 19:36 - Usr2  by me,LX4 (Fly16) #5,Chauvet B-2805FC,Chauvet B-2805FC 620w,Chauvet B-2805FC 620w,,,,135,20.5 kg
,(171),117,7/271,Dead Hung,1,Chauvet F915FC,260w,Barndoors,,,,,,,FP205-2,,B,,-> 104 -> 105,18,,,,,,,,,,,,,,,,,,,,,,,,,,,,,,,,Not,,,,,,,,,,,1,3E4E76:3265:2F:1B:Jonat,,,Adding,7,271,,9,,Light,,10/10/2023 at 19:37 - Usr2  by me,Dead Hung #1,Chauvet F915FC+Barndoors,Chauvet F915FC 260w,Chauvet F915FC+Barndoors 260w,,,,18,8.6 kg
,(135),145,1/145,Adv 1,1,ETC Source4 26deg,750w,26 deg Lens,R371,,,,,,,,B,,,1,,,,,,,,,,,,,,,,,,,,,,,,,,,,,,,,Not,,,,,,,,,,,1,4318A7:3399:1:36:Jonat,,,Adding,1,145,,10,,Light,,10/10/2023 at 14:24 - Usr3  by me,Adv 1 #1,ETC Source4 26deg+26 deg Lens,ETC Source4 26deg 750w,ETC Source4 26deg+26 deg Lens 750w,,R371,,1,8.5 kg
,(136),146,1/146,Adv 1,2,ETC Source4 26deg,750w,26 deg Lens,R371,,,,,,,,B,,,1,,,,,,,,,,,,,,,,,,,,,,,,,,,,,,,,Not,,,,,,,,,,,2,5A622D:33A2:1:3B:Jonat,,,Adding,1,146,,10,,Light,,10/10/2023 at 14:24 - Usr3  by me,Adv 1 #2,ETC Source4 26deg+26 deg Lens,ETC Source4 26deg 750w,ETC Source4 26deg+26 deg Lens 750w,,R371,,1,8.5 kg
,(137),147,1/147,Adv 1,3,ETC Source4 26deg,750w,26 deg Lens,R371,,,,,,,,B,,,1,,,,,,,,,,,,,,,,,,,,,,,,,,,,,,,,Not,,,,,,,,,,,3,66A7B6:33AB:2:3:Jonat,,,Adding,1,147,,10,,Light,,10/10/2023 at 14:24 - Usr3  by me,Adv 1 #3,ETC Source4 26deg+26 deg Lens,ETC Source4 26deg 750w,ETC Source4 26deg+26 deg Lens 750w,,R371,,1,8.5 kg
,(138),148,1/148,Adv 1,4,ETC Source4 26deg,750w,26 deg Lens,R371,,,,,,,,B,,,1,,,,,,,,,,,,,,,,,,,,,,,,,,,,,,,,Not,,,,,,,,,,,4,740505:33B4:2:8:Jonat,,,Adding,1,148,,10,,Light,,10/10/2023 at 14:24 - Usr3  by me,Adv 1 #4,ETC Source4 26deg+26 deg Lens,ETC Source4 26deg 750w,ETC Source4 26deg+26 deg Lens 750w,,R371,,1,8.5 kg
,(71),163,2/315,Adv 3,1,GLP S350,550w,,,,,,,,FP210-1,,B,,,35,,,,,,,,,,,,,,,,,,,,,,,,,,,,,,,,Not,,,,,,,,,,,1,3573A9:33E1:2:3A:Jonat,,,Adding,2,315,,12,,Moving Light,,10/10/2023 at 19:18 - DataCbl  by me,Adv 3 #1,GLP S350,GLP S350 550w,GLP S350 550w,,,,35,25.5 kg
,(131),164,1/164,Adv 3,2,ETC Source4 26deg,750w,26 deg Lens,R371,,,,,,,,B,,,1,,,,,,,,,,,,,,,,,,,,,,,,,,,,,,,,Not,,,,,,,,,,,2,8FF97B:33BD:2:1A:Jonat,,,Adding,1,164,,12,,Light,,10/10/2023 at 14:25 - Usr3  by me,Adv 3 #2,ETC Source4 26deg+26 deg Lens,ETC Source4 26deg 750w,ETC Source4 26deg+26 deg Lens 750w,,R371,,1,8.5 kg
,(132),165,1/165,Adv 3,3,ETC Source4 26deg,750w,26 deg Lens,R371,,,,,,,,B,,,1,,,,,,,,,,,,,,,,,,,,,,,,,,,,,,,,Not,,,,,,,,,,,3,715B1B:33C6:2:1E:Jonat,,,Adding,1,165,,12,,Light,,10/10/2023 at 14:25 - Usr3  by me,Adv 3 #3,ETC Source4 26deg+26 deg Lens,ETC Source4 26deg 750w,ETC Source4 26deg+26 deg Lens 750w,,R371,,1,8.5 kg
,(72),166,2/350,Adv 3,4,GLP S350,550w,,,,,,,,FP210-1,,B,,-> 71,35,,,,,,,,,,,,,,,,,,,,,,,,,,,,,,,,Not,,,,,,,,,,,4,A9CB:33EA:3:4:Jonat,,,Adding,2,350,,12,,Moving Light,,10/10/2023 at 19:38 - Usr2  by me,Adv 3 #4,GLP S350,GLP S350 550w,GLP S350 550w,,,,35,25.5 kg
,(133),167,1/167,Adv 3,5,ETC Source4 26deg,750w,26 deg Lens,R371,,,,,,,,B,,,1,,,,,,,,,,,,,,,,,,,,,,,,,,,,,,,,Not,,,,,,,,,,,5,6035A2:33CF:2:24:Jonat,,,Adding,1,167,,12,,Light,,10/10/2023 at 14:25 - Usr3  by me,Adv 3 #5,ETC Source4 26deg+26 deg Lens,ETC Source4 26deg 750w,ETC Source4 26deg+26 deg Lens 750w,,R371,,1,8.5 kg
,(134),168,1/168,Adv 3,6,ETC Source4 26deg,750w,26 deg Lens,R371,,,,,,,,B,,,1,,,,,,,,,,,,,,,,,,,,,,,,,,,,,,,,Not,,,,,,,,,,,6,77E62A:33D8:2:29:Jonat,,,Adding,1,168,,12,,Light,,10/10/2023 at 14:25 - Usr3  by me,Adv 3 #6,ETC Source4 26deg+26 deg Lens,ETC Source4 26deg 750w,ETC Source4 26deg+26 deg Lens 750w,,R371,,1,8.5 kg
,(73),150,2/385,Adv 3,7,GLP S350,550w,,,,,,,,FP210-1,,B,,-> 71 -> 72,35,,,,,,,,,,,,,,,,,,,,,,,,,,,,,,,,Not,,,,,,,,,,,7,66F37D:33F3:3:9:Jonat,,,Adding,2,385,,12,,Moving Light,,10/10/2023 at 19:38 - Usr2  by me,Adv 3 #7,GLP S350,GLP S350 550w,GLP S350 550w,,,,35,25.5 kg
,(12),58,5/1,SR Under Balcony,1,Chauvet E910FC 36deg,240w,36 deg Lens,R119,,,,,,FP010,,B,,,16,,,,,,,,,,,,,,,,,,,,,,,,,,,,,,,,Not,,,,,,,,,,,1,84357C:34FC:12:C:Jonat,,,Adding,5,1,,15,,Light,,10/10/2023 at 19:19 - DataCbl  by me,SR Under Balcony #1,Chauvet E910FC 36deg+36 deg Lens,Chauvet E910FC 36deg 240w,Chauvet E910FC 36deg+36 deg Lens 240w,,R119,,16,9 kg
,(11),58,5/17,SR Under Balcony,2,Chauvet E910FC 36deg,240w,36 deg Lens,R119,,,,,,FP010,,B,,-> 12,16,,,,,,,,,,,,,,,,,,,,,,,,,,,,,,,,Not,,,,,,,,,,,2,1964A4:3505:12:F:Jonat,,,Adding,5,17,,15,,Light,,10/10/2023 at 19:35 - Usr2  by me,SR Under Balcony #2,Chauvet E910FC 36deg+36 deg Lens,Chauvet E910FC 36deg 240w,Chauvet E910FC 36deg+36 deg Lens 240w,,R119,,16,9 kg
,(43),60,5/137,SR Balcony Bar,1,GLP X4,350w,,,,,,,,FP113,,B,,,21,,,,,,,,,,,,,,,,,,,,,,,,,,,,,,,,Not,,,,,,,,,,,1,281B03:3544:14:29:Jonat,,,Adding,5,137,,16,,Moving Light,,10/10/2023 at 19:35 - Usr2  by me,SR Balcony Bar #1,GLP X4,GLP X4 350w,GLP X4 350w,,,,21,7.5 kg
,(13),49,6/1,SL Under Balcony,1,Chauvet E910FC 36deg,240w,36 deg Lens,R119,,,,,,FP009,,B,,,16,,,,,,,,,,,,,,,,,,,,,,,,,,,,,,,,Not,,,,,,,,,,,1,43CD3E:34AB:9:1B:Jonat,,,Adding,6,1,,17,,Light,,10/10/2023 at 19:22 - DataCbl  by me,SL Under Balcony #1,Chauvet E910FC 36deg+36 deg Lens,Chauvet E910FC 36deg 240w,Chauvet E910FC 36deg+36 deg Lens 240w,,R119,,16,9 kg
,(14),49,6/17,SL Under Balcony,2,Chauvet E910FC 36deg,240w,36 deg Lens,R119,,,,,,FP009,,B,,-> 13,16,,,,,,,,,,,,,,,,,,,,,,,,,,,,,,,,Not,,,,,,,,,,,2,1116FE:34B4:9:1F:Jonat,,,Adding,6,17,,17,,Light,,10/10/2023 at 19:35 - Usr2  by me,SL Under Balcony #2,Chauvet E910FC 36deg+36 deg Lens,Chauvet E910FC 36deg 240w,Chauvet E910FC 36deg+36 deg Lens 240w,,R119,,16,9 kg
,(44),51,6/137,SL Balcony Bar,1,GLP X4,350w,,,,,,,,FP111,,B,,,21,,,,,,,,,,,,,,,,,,,,,,,,,,,,,,,,Not,,,,,,,,,,,1,90F83B:34A2:8:30:Jonat,,,Adding,6,137,,18,,Moving Light,,10/10/2023 at 19:35 - Usr2  by me,SL Balcony Bar #1,GLP X4,GLP X4 350w,GLP X4 350w,,,,21,7.5 kg
,(3),157,6/33,SL Tom Mannings Bar,1,Chauvet E910FC 36deg,240w,36 deg Lens,R119,,,,,,FP209-2,,B,,,16,,,,,,,,,,,,,,,,,,,,,,,,,,,,,,,,Not,,,,,,,,,,,1,6FAB5F:34D8:11:A:Jonat,,,Adding,6,33,,23,,Light,,10/10/2023 at 19:26 - DataCbl  by me,SL Tom Mannings Bar #1,Chauvet E910FC 36deg+36 deg Lens,Chauvet E910FC 36deg 240w,Chauvet E910FC 36deg+36 deg Lens 240w,,R119,,16,9 kg
,(4),158,6/49,SL Tom Mannings Bar,2,Chauvet E910FC 36deg,240w,36 deg Lens,R119,,,,,,FP209-2,,B,,-> 3,16,,,,,,,,,,,,,,,,,,,,,,,,,,,,,,,,Not,,,,,,,,,,,2,862B64:34E1:11:E:Jonat,,,Adding,6,49,,23,,Light,,10/10/2023 at 19:37 - Usr2  by me,SL Tom Mannings Bar #2,Chauvet E910FC 36deg+36 deg Lens,Chauvet E910FC 36deg 240w,Chauvet E910FC 36deg+36 deg Lens 240w,,R119,,16,9 kg
,(1),169,5/33,SR Tom Mannings Bar,1,Chauvet E910FC 36deg,240w,36 deg Lens,R119,,,,,,FP210-2,,B,,,16,,,,,,,,,,,,,,,,,,,,,,,,,,,,,,,,Not,,,,,,,,,,,1,93395C:34EA:11:2B:Jonat,,,Adding,5,33,,24,,Light,,10/10/2023 at 19:27 - DataCbl  by me,SR Tom Mannings Bar #1,Chauvet E910FC 36deg+36 deg Lens,Chauvet E910FC 36deg 240w,Chauvet E910FC 36deg+36 deg Lens 240w,,R119,,16,9 kg
,(2),170,5/49,SR Tom Mannings Bar,2,Chauvet E910FC 36deg,240w,36 deg Lens,R119,,,,,,FP210-2,,B,,-> 1,16,,,,,,,,,,,,,,,,,,,,,,,,,,,,,,,,Not,,,,,,,,,,,2,913CC0:34F3:11:2E:Jonat,,,Adding,5,49,,24,,Light,,10/10/2023 at 19:38 - Usr2  by me,SR Tom Mannings Bar #2,Chauvet E910FC 36deg+36 deg Lens,Chauvet E910FC 36deg 240w,Chauvet E910FC 36deg+36 deg Lens 240w,,R119,,16,9 kg
,(75),37,6/81,SL Goalpost,1,GLP S350,550w,,,,,,,,FP101-1,,B,,,35,,,,,,,,,,,,,,,,,,,,,,,,,,,,,,,,Not,,,,,,,,,,,1,16C2FB:34CF:A:17:Jonat,,,Adding,6,81,,25,,Moving Light,,10/10/2023 at 19:27 - DataCbl  by me,SL Goalpost #1,GLP S350,GLP S350 550w,GLP S350 550w,,,,35,25.5 kg
,(74),43,5/81,SR Goalpost,1,GLP S350,550w,,,,,,,,FP102-1,,B,,,35,,,,,,,,,,,,,,,,,,,,,,,,,,,,,,,,Not,,,,,,,,,,,1,229DF9:3520:12:34:Jonat,,,Adding,5,81,,26,,Moving Light,,10/10/2023 at 19:27 - DataCbl  by me,SR Goalpost #1,GLP S350,GLP S350 550w,GLP S350 550w,,,,35,25.5 kg
,(22),1,6/65,SL Unistrut,1,Chauvet E910FC 26deg,240w,26 deg Lens,R119,,,,,,FP001-1,,B,,,16,,,,,,,,,,,,,,,,,,,,,,,,,,,,,,,,Not,,,,,,,,,,,1,63B73E:34C6:A:2:Jonat,,,Adding,6,65,,27,,Light,,10/10/2023 at 19:28 - DataCbl  by me,SL Unistrut #1,Chauvet E910FC 26deg+26 deg Lens,Chauvet E910FC 26deg 240w,Chauvet E910FC 26deg+26 deg Lens 240w,,R119,,16,9 kg
,(192),2,1/2,SL Unistrut,2,ETC Source4 36deg,750w,36 deg Lens,R371 + R119,,,,,,,,B,,,1,,,,,,,,,,,,,,,,,,,,,,,,,,,,,,,,Not,,,,,,,,,,,2,568E05:34BD:9:35:Jonat,,,Adding,1,2,,27,,Light,,10/10/2023 at 14:25 - Usr3  by me,SL Unistrut #2,ETC Source4 36deg+36 deg Lens,ETC Source4 36deg 750w,ETC Source4 36deg+36 deg Lens 750w,,R371 + R119,,1,8.5 kg
,(21),7,5/65,SR Unistrut,1,Chauvet E910FC 26deg,240w,26 deg Lens,R119,,,,,,FP002-1,,B,,,16,,,,,,,,,,,,,,,,,,,,,,,,,,,,,,,,Not,,,,,,,,,,,1,8A4316:3517:12:27:Jonat,,,Adding,5,65,,28,,Light,,10/10/2023 at 19:28 - DataCbl  by me,SR Unistrut #1,Chauvet E910FC 26deg+26 deg Lens,Chauvet E910FC 26deg 240w,Chauvet E910FC 26deg+26 deg Lens 240w,,R119,,16,9 kg
,(191),8,1/8,SR Unistrut,2,ETC Source4 36deg,750w,36 deg Lens,R371 + R119,,,,,,,,B,,,1,,,,,,,,,,,,,,,,,,,,,,,,,,,,,,,,Not,,,,,,,,,,,2,85B132:350E:12:1E:Jonat,,,Adding,1,8,,28,,Light,,10/10/2023 at 14:25 - Usr3  by me,SR Unistrut #2,ETC Source4 36deg+36 deg Lens,ETC Source4 36deg 750w,ETC Source4 36deg+36 deg Lens 750w,,R371 + R119,,1,8.5 kg
,(34),73,3/193,DSL Ladder,1,Chauvet F915FC,260w,Barndoors,,,,,,,FP202-1,,B,,,18,,,,,,,,,,,,,,,,,,,,,,,,,,,,,,,,Not,,,,,,,,,,,1,4AB024:3598:18:12:Jonat,,,Adding,3,193,,29,,Light,,10/10/2023 at 19:28 - DataCbl  by me,DSL Ladder #1,Chauvet F915FC+Barndoors,Chauvet F915FC 260w,Chauvet F915FC+Barndoors 260w,,,,18,8.6 kg
,(46),74,3/265,DSL Ladder,2,GLP X4,350w,,,,,,,,FP202-1,,B,,-> 34,21,,,,,,,,,,,,,,,,,,,,,,,,,,,,,,,,Not,,,,,,,,,,,2,85B506:35A1:18:1C:Jonat,,,Adding,3,265,,29,,Moving Light,,10/10/2023 at 19:36 - Usr2  by me,DSL Ladder #2,GLP X4,GLP X4 350w,GLP X4 350w,,,,21,7.5 kg
,(24),75,3/307,DSL Ladder,3,Chauvet E910FC 26deg,240w,26 deg Lens,R119,,,,,,FP202-1,,B,,-> 34 -> 46,16,,,,,,,,,,,,,,,,,,,,,,,,,,,,,,,,Not,,,,,,,,,,,3,39A6D4:35AA:18:26:Jonat,,,Adding,3,307,,29,,Light,,10/10/2023 at 19:36 - Usr2  by me,DSL Ladder #3,Chauvet E910FC 26deg+26 deg Lens,Chauvet E910FC 26deg 240w,Chauvet E910FC 26deg+26 deg Lens 240w,,R119,,16,9 kg
,(33),79,3/211,DSR Ladder,1,Chauvet F915FC,260w,Barndoors,,,,,,,FP201-1,,B,,,18,,,,,,,,,,,,,,,,,,,,,,,,,,,,,,,,Not,,,,,,,,,,,1,50126D:354D:15:25:Jonat,,,Adding,3,211,,30,,Light,,10/10/2023 at 19:28 - DataCbl  by me,DSR Ladder #1,Chauvet F915FC+Barndoors,Chauvet F915FC 260w,Chauvet F915FC+Barndoors 260w,,,,18,8.6 kg
,(45),80,3/286,DSR Ladder,2,GLP X4,350w,,,,,,,,FP201-1,,B,,-> 33,21,,,,,,,,,,,,,,,,,,,,,,,,,,,,,,,,Not,,,,,,,,,,,2,403EC9:3556:15:2F:Jonat,,,Adding,3,286,,30,,Moving Light,,10/10/2023 at 19:35 - Usr2  by me,DSR Ladder #2,GLP X4,GLP X4 350w,GLP X4 350w,,,,21,7.5 kg
,(23),81,3/323,DSR Ladder,3,Chauvet E910FC 26deg,240w,26 deg Lens,R119,,,,,,FP201-1,,B,,-> 33 -> 45,16,,,,,,,,,,,,,,,,,,,,,,,,,,,,,,,,Not,,,,,,,,,,,3,B067B:355F:16:1:Jonat,,,Adding,3,323,,30,,Light,,10/10/2023 at 19:36 - Usr2  by me,DSR Ladder #3,Chauvet E910FC 26deg+26 deg Lens,Chauvet E910FC 26deg 240w,Chauvet E910FC 26deg+26 deg Lens 240w,,R119,,16,9 kg
,(36),76,3/229,USL Ladder,1,Chauvet F915FC,260w,Barndoors,,,,,,,FP206-1,,B,,,18,,,,,,,,,,,,,,,,,,,,,,,,,,,,,,,,Not,,,,,,,,,,,1,30BA38:35B3:18:34:Jonat,,,Adding,3,229,,31,,Light,,10/10/2023 at 19:29 - DataCbl  by me,USL Ladder #1,Chauvet F915FC+Barndoors,Chauvet F915FC 260w,Chauvet F915FC+Barndoors 260w,,,,18,8.6 kg
,(26),77,3/339,USL Ladder,2,Chauvet E910FC 26deg,240w,26 deg Lens,R119,,,,,,FP206-1,,B,,-> 36,16,,,,,,,,,,,,,,,,,,,,,,,,,,,,,,,,Not,,,,,,,,,,,2,15E77A:35BC:19:3:Jonat,,,Adding,3,339,,31,,Light,,10/10/2023 at 19:37 - Usr2  by me,USL Ladder #2,Chauvet E910FC 26deg+26 deg Lens,Chauvet E910FC 26deg 240w,Chauvet E910FC 26deg+26 deg Lens 240w,,R119,,16,9 kg
,(182),78,1/78,USL Ladder,3,ETC Source4 19deg,750w,19 deg Lens,R371 + R119,,,,,,,,B,,,1,,,,,,,,,,,,,,,,,,,,,,,,,,,,,,,,Not,,,,,,,,,,,3,65C9D3:35C5:19:C:Jonat,,,No,1,78,,31,,Light,,10/10/2023 at 14:26 - Usr3  by me,USL Ladder #3,ETC Source4 19deg+19 deg Lens,ETC Source4 19deg 750w,ETC Source4 19deg+19 deg Lens 750w,,R371 + R119,,1,8.5 kg
,(35),97,3/247,USR Ladder,1,Chauvet F915FC,260w,Barndoors,,,,,,,FP204-2,,B,,,18,,,,,,,,,,,,,,,,,,,,,,,,,,,,,,,,Not,,,,,,,,,,,1,236777:3568:16:25:Jonat,,,Adding,3,247,,32,,Light,,10/10/2023 at 19:29 - DataCbl  by me,USR Ladder #1,Chauvet F915FC+Barndoors,Chauvet F915FC 260w,Chauvet F915FC+Barndoors 260w,,,,18,8.6 kg
,(25),98,3/355,USR Ladder,2,Chauvet E910FC 26deg,240w,26 deg Lens,R119,,,,,,FP204-2,,B,,-> 35,16,,,,,,,,,,,,,,,,,,,,,,,,,,,,,,,,Not,,,,,,,,,,,2,57BE32:3571:16:33:Jonat,,,Adding,3,355,,32,,Light,,10/10/2023 at 19:36 - Usr2  by me,USR Ladder #2,Chauvet E910FC 26deg+26 deg Lens,Chauvet E910FC 26deg 240w,Chauvet E910FC 26deg+26 deg Lens 240w,,R119,,16,9 kg
,(181),99,1/99,USR Ladder,3,ETC Source4 19deg,750w,19 deg Lens,R371 + R119,,,,,,,,B,,,1,,,,,,,,,,,,,,,,,,,,,,,,,,,,,,,,Not,,,,,,,,,,,3,435A12:357A:17:F:Jonat,,,No,1,99,,32,,Light,,10/10/2023 at 14:26 - Usr3  by me,USR Ladder #3,ETC Source4 19deg+19 deg Lens,ETC Source4 19deg 750w,ETC Source4 19deg+19 deg Lens 750w,,R371 + R119,,1,8.5 kg
,(31),149,5/158,Fly Floor SR,1,Chauvet F915FC,260w,Barndoors,,,,,,,FP208-2,,B,,,18,,,,,,,,,,,,,,,,,,,,,,,,,,,,,,,,Not,,,,,,,,,,,1,8B2ACA:3529:13:A:Jonat,,,Adding,5,158,,33,,Light,,10/10/2023 at 19:29 - DataCbl  by me,Fly Floor SR #1,Chauvet F915FC+Barndoors,Chauvet F915FC 260w,Chauvet F915FC+Barndoors 260w,,,,18,8.6 kg
,(32),139,6/158,Fly Floor SL,1,Chauvet F915FC,260w,Barndoors,,,,,,,FP207-2,,B,,,18,,,,,,,,,,,,,,,,,,,,,,,,,,,,,,,,Not,,,,,,,,,,,1,1D831D:3532:13:29:Jonat,,,Adding,6,158,,34,,Light,,10/10/2023 at 19:29 - DataCbl  by me,Fly Floor SL #1,Chauvet F915FC+Barndoors,Chauvet F915FC 260w,Chauvet F915FC+Barndoors 260w,,,,18,8.6 kg
,(64),151,4/1,TWG Front,1,ETC Source 4 Revolution,950w,,,,,,,,FP209-1,,B,,,31,,,,,,,,,,,,,,,,,,,,,,,,,,,,,,,,Not,,,,,,,,,,,1,4CF120:3400:5:29:Jonat,,,Adding,4,1,,35,,Moving Light,,10/10/2023 at 19:29 - DataCbl  by me,TWG Front #1,ETC Source 4 Revolution,ETC Source 4 Revolution 950w,ETC Source 4 Revolution 950w,,,,31,33.6 kg
,(65),152,4/32,TWG Front,2,ETC Source 4 Revolution,950w,,,,,,,,FP209-1,,B,,-> 64,31,,,,,,,,,,,,,,,,,,,,,,,,,,,,,,,,Not,,,,,,,,,,,2,53E98A:3409:5:2D:Jonat,,,Adding,4,32,,35,,Moving Light,,10/10/2023 at 19:37 - Usr2  by me,TWG Front #2,ETC Source 4 Revolution,ETC Source 4 Revolution 950w,ETC Source 4 Revolution 950w,,,,31,33.6 kg
,(66),153,4/63,TWG Front,3,ETC Source 4 Revolution,950w,,,,,,,,FP209-1,,B,,-> 64 -> 65,31,,,,,,,,,,,,,,,,,,,,,,,,,,,,,,,,Not,,,,,,,,,,,3,6447B0:3412:5:33:Jonat,,,Adding,4,63,,35,,Moving Light,,10/10/2023 at 19:37 - Usr2  by me,TWG Front #3,ETC Source 4 Revolution,ETC Source 4 Revolution 950w,ETC Source 4 Revolution 950w,,,,31,33.6 kg
,(61),154,4/101,TWG Middle,1,ETC Source 4 Revolution,950w,,,,,,,,FP209-1,,B,,-> 64 -> 65 -> 66,31,,,,,,,,,,,,,,,,,,,,,,,,,,,,,,,,Not,,,,,,,,,,,1,29C3E0:341B:6:0:Jonat,,,Adding,4,101,,36,,Moving Light,,10/10/2023 at 19:37 - Usr2  by me,TWG Middle #1,ETC Source 4 Revolution,ETC Source 4 Revolution 950w,ETC Source 4 Revolution 950w,,,,31,33.6 kg
,(62),155,4/132,TWG Middle,2,ETC Source 4 Revolution,950w,,,,,,,,FP209-1,,B,,-> 64 -> 65 -> 66 -> 61,31,,,,,,,,,,,,,,,,,,,,,,,,,,,,,,,,Not,,,,,,,,,,,2,7F83C6:3424:6:5:Jonat,,,Adding,4,132,,36,,Moving Light,,10/10/2023 at 19:37 - Usr2  by me,TWG Middle #2,ETC Source 4 Revolution,ETC Source 4 Revolution 950w,ETC Source 4 Revolution 950w,,,,31,33.6 kg
,(63),156,4/163,TWG Middle,3,ETC Source 4 Revolution,950w,,,,,,,,FP209-1,,B,,-> 64 -> 65 -> 66 -> 61 -> 62,31,,,,,,,,,,,,,,,,,,,,,,,,,,,,,,,,Not,,,,,,,,,,,3,9215E1:342D:6:A:Jonat,,,Adding,4,163,,36,,Moving Light,,10/10/2023 at 19:37 - Usr2  by me,TWG Middle #3,ETC Source 4 Revolution,ETC Source 4 Revolution 950w,ETC Source 4 Revolution 950w,,,,31,33.6 kg
,(201),181,1/181,TWG Back,1,Mirror Ball,,,,,,,,,,,B,,,1,,,,,,,,,,,,,,,,,,,,,,,,,,,,,,,,Not,,,,,,,,,,,1,30B88F:4A29:E:2B:Jonat,,,Adding,1,181,,37,,Light,,,TWG Back #1,Mirror Ball,Mirror Ball,Mirror Ball,,,,1,
,(1213),5,1/5,SL,,Wing Blues,,,L600,,,,,,,,B,,,,,,,,,,,,,,,,,,,,,,,,,,,,,,,,,,,Not,,,,,,,,,,,1,86108C:4E6E:2A:1F:Jonat,,,Adding,1,5,,38,,Light,,,SL #,Wing Blues,Wing Blues,Wing Blues,,L600,,,
,(1213),4,1/4,SL,,Wing Blues,,,L600,,,,,,,,B,,,,,,,,,,,,,,,,,,,,,,,,,,,,,,,,,,,Not,,,,,,,,,,,2,7BDEA9:4E67:2A:1C:Jonat,,,Adding,1,4,,38,,Light,,,SL #,Wing Blues,Wing Blues,Wing Blues,,L600,,,
,(1222),,7/75,SL,,H1 Freedoms,,,,,,,,,,,B,,,,,,,,,,,,,,,,,,,,,,,,,,,,,,,,,,,Not,,,,,,,,,,,3,1FD503:4EBA:14:C:Jonat,,,Adding,7,75,,38,,Practical,,,SL #,H1 Freedoms,H1 Freedoms,H1 Freedoms,,,,12,
,(801),6,7/400,SL,,Look Solutions Unique 2.1,1.5kW,,,,,,,,FP002-2,,B,,,2,,,,,,,,,,,,,,,,,,,,,,,,,,,,,,,,Not,,,,,,,,,,,4,33BB1B:41C2:1D:9:Jonat,,,No,7,400,,38,,SFX,,10/10/2023 at 14:24 - Usr3  by me,SL #,Look Solutions Unique 2.1,Look Solutions Unique 2.1 1.5kW,Look Solutions Unique 2.1 1.5kW,,,,2,14 kg
,(1213),11,1/11,SR,,Wing Blues,,,L600,,,,,,,,B,,,,,,,,,,,,,,,,,,,,,,,,,,,,,,,,,,,Not,,,,,,,,,,,1,32BA50:4E7C:2A:26:Jonat,,,Adding,1,11,,39,,Light,,,SR #,Wing Blues,Wing Blues,Wing Blues,,L600,,,
,(1213),10,1/10,SR,,Wing Blues,,,L600,,,,,,,,B,,,,,,,,,,,,,,,,,,,,,,,,,,,,,,,,,,,Not,,,,,,,,,,,2,1ACB56:4E75:2A:22:Jonat,,,Adding,1,10,,39,,Light,,,SR #,Wing Blues,Wing Blues,Wing Blues,,L600,,,
,(1221),,7/50,SR,,H1 Freedoms,,,,,,,,,,,B,,,,,,,,,,,,,,,,,,,,,,,,,,,,,,,,,,,Not,,,,,,,,,,,3,57A49E:4EB1:14:4:Jonat,,,Adding,7,50,,39,,Practical,,,SR #,H1 Freedoms,H1 Freedoms,H1 Freedoms,,,,12,
,(802),12,7/500,SR,,Look Solutions Unique 2.1,1.5kW,,,,,,,,FP001-2,,B,,,2,,,,,,,,,,,,,,,,,,,,,,,,,,,,,,,,Not,,,,,,,,,,,4,6B1BCB:41C9:1D:C:Jonat,,,No,7,500,,39,,SFX,,10/10/2023 at 14:24 - Usr3  by me,SR #,Look Solutions Unique 2.1,Look Solutions Unique 2.1 1.5kW,Look Solutions Unique 2.1 1.5kW,,,,2,14 kg
,(121),24,5/176,Ground,1,Robe CYCFX 8,150w,,,,,,,,FP004-2,,B,,,61,,,,,,,,,,,,,,,,,,,,,,,,,,,,,,,,Not,,,,,,,,,,,1,680C4E:491E:2B:24:Jonat,,,Adding,5,176,,40,,Moving Light,,,Ground #1,Robe CYCFX 8,Robe CYCFX 8 150w,Robe CYCFX 8 150w,,,,61,12 kg
,(122),24,5/237,Ground,2,Robe CYCFX 8,150w,,,,,,,,FP004-2,,B,,-> 121,61,,,,,,,,,,,,,,,,,,,,,,,,,,,,,,,,Not,,,,,,,,,,,2,70A4C3:4927:2B:28:Jonat,,,Adding,5,237,,40,,Moving Light,,,Ground #2,Robe CYCFX 8,Robe CYCFX 8 150w,Robe CYCFX 8 150w,,,,61,12 kg
,(123),24,5/298,Ground,3,Robe CYCFX 8,150w,,,,,,,,FP004-2,,B,,-> 121 -> 122,61,,,,,,,,,,,,,,,,,,,,,,,,,,,,,,,,Not,,,,,,,,,,,3,6876C7:4930:2B:2C:Jonat,,,Adding,5,298,,40,,Moving Light,,,Ground #3,Robe CYCFX 8,Robe CYCFX 8 150w,Robe CYCFX 8 150w,,,,61,12 kg
,(124),24,5/359,Ground,4,Robe CYCFX 8,150w,,,,,,,,FP004-2,,B,,-> 121 -> 122 -> 123,61,,,,,,,,,,,,,,,,,,,,,,,,,,,,,,,,Not,,,,,,,,,,,4,48A27F:4939:2B:31:Jonat,,,Adding,5,359,,40,,Moving Light,,,Ground #4,Robe CYCFX 8,Robe CYCFX 8 150w,Robe CYCFX 8 150w,,,,61,12 kg
,(125),13,6/176,Ground,5,Robe CYCFX 8,150w,,,,,,,,FP003-2,,B,,,61,,,,,,,,,,,,,,,,,,,,,,,,,,,,,,,,Not,,,,,,,,,,,5,410AEC:4942:2B:35:Jonat,,,Adding,6,176,,40,,Moving Light,,,Ground #5,Robe CYCFX 8,Robe CYCFX 8 150w,Robe CYCFX 8 150w,,,,61,12 kg
,(126),13,6/237,Ground,6,Robe CYCFX 8,150w,,,,,,,,FP003-2,,B,,-> 125,61,,,,,,,,,,,,,,,,,,,,,,,,,,,,,,,,Not,,,,,,,,,,,6,1AD3D1:494B:2B:39:Jonat,,,Adding,6,237,,40,,Moving Light,,,Ground #6,Robe CYCFX 8,Robe CYCFX 8 150w,Robe CYCFX 8 150w,,,,61,12 kg
,(127),13,6/298,Ground,7,Robe CYCFX 8,150w,,,,,,,,FP003-2,,B,,-> 125 -> 126,61,,,,,,,,,,,,,,,,,,,,,,,,,,,,,,,,Not,,,,,,,,,,,7,95BFE6:4954:2C:1:Jonat,,,Adding,6,298,,40,,Moving Light,,,Ground #7,Robe CYCFX 8,Robe CYCFX 8 150w,Robe CYCFX 8 150w,,,,61,12 kg
,(910),18,1/18,Under Set,,Music Stands,,,,,,,,,,,B,,,1,,,,,,,,,,,,,,,,,,,,,,,,,,,,,,,,Not,,,,,,,,,,,1,57E24A:4C11:11:30:Jonat,,,Adding,1,18,,42,,Light,,17/10/2023 at 09:19 - Addr  by me,Under Set #,Music Stands,Music Stands,Music Stands,,,,1,
,(910),18,1/18,Under Set,,Music Stands,,,,,,,,,,,B,,,1,,,,,,,,,,,,,,,,,,,,,,,,,,,,,,,,Not,,,,,,,,,,,2,97D3F4:4C0B:11:2D:Jonat,,,Adding,1,18,,42,,Light,,17/10/2023 at 09:19 - Addr  by me,Under Set #,Music Stands,Music Stands,Music Stands,,,,1,
,(909),22,1/22,Under Set,,Music Stands,,,,,,,,,,,B,,,1,,,,,,,,,,,,,,,,,,,,,,,,,,,,,,,,Not,,,,,,,,,,,3,957E1E:4C03:6:3:Jonat,,,Adding,1,22,,42,,Light,,17/10/2023 at 09:19 - Addr  by me,Under Set #,Music Stands,Music Stands,Music Stands,,,,1,
,(908),22,1/22,Under Set,,Music Stands,,,,,,,,,,,B,,,1,,,,,,,,,,,,,,,,,,,,,,,,,,,,,,,,Not,,,,,,,,,,,4,23E9AB:4BFD:6:0:Jonat,,,Adding,1,22,,42,,Light,,17/10/2023 at 09:19 - Addr  by me,Under Set #,Music Stands,Music Stands,Music Stands,,,,1,
,(907),21,1/21,Under Set,,Music Stands,,,,,,,,,,,B,,,1,,,,,,,,,,,,,,,,,,,,,,,,,,,,,,,,Not,,,,,,,,,,,5,49EFCC:4BF7:5:39:Jonat,,,Adding,1,21,,42,,Light,,17/10/2023 at 09:19 - Addr  by me,Under Set #,Music Stands,Music Stands,Music Stands,,,,1,
,(906),20,1/20,Under Set,,Music Stands,,,,,,,,,,,B,,,1,,,,,,,,,,,,,,,,,,,,,,,,,,,,,,,,Not,,,,,,,,,,,6,5A032D:4BF1:5:36:Jonat,,,Adding,1,20,,42,,Light,,17/10/2023 at 09:19 - Addr  by me,Under Set #,Music Stands,Music Stands,Music Stands,,,,1,
,(905),19,1/19,Under Set,,Music Stands,,,,,,,,,,,B,,,1,,,,,,,,,,,,,,,,,,,,,,,,,,,,,,,,Not,,,,,,,,,,,7,3C4699:4BEB:5:34:Jonat,,,Adding,1,19,,42,,Light,,17/10/2023 at 09:19 - Addr  by me,Under Set #,Music Stands,Music Stands,Music Stands,,,,1,
,(904),17,1/17,Under Set,,Music Stands,,,,,,,,,,,B,,,1,,,,,,,,,,,,,,,,,,,,,,,,,,,,,,,,Not,,,,,,,,,,,8,2F8036:4BE5:5:31:Jonat,,,Adding,1,17,,42,,Light,,17/10/2023 at 09:19 - Addr  by me,Under Set #,Music Stands,Music Stands,Music Stands,,,,1,
,(903),16,1/16,Under Set,,Music Stands,,,,,,,,,,,B,,,1,,,,,,,,,,,,,,,,,,,,,,,,,,,,,,,,Not,,,,,,,,,,,9,4AE410:4BDF:5:2E:Jonat,,,Adding,1,16,,42,,Light,,17/10/2023 at 09:19 - Addr  by me,Under Set #,Music Stands,Music Stands,Music Stands,,,,1,
,(902),15,1/15,Under Set,,Music Stands,,,,,,,,,,,B,,,1,,,,,,,,,,,,,,,,,,,,,,,,,,,,,,,,Not,,,,,,,,,,,10,734FC:4BD9:5:2C:Jonat,,,Adding,1,15,,42,,Light,,17/10/2023 at 09:19 - Addr  by me,Under Set #,Music Stands,Music Stands,Music Stands,,,,1,
,(901),15,1/15,Under Set,,Music Stands,,,,,,,,,,,B,,,1,,,,,,,,,,,,,,,,,,,,,,,,,,,,,,,,Not,,,,,,,,,,,11,C181B:41D0:1D:24:Jonat,,,No,1,15,,42,,Light,,17/10/2023 at 09:19 - Addr  by me,Under Set #,Music Stands,Music Stands,Music Stands,,,,1,
,(161),23,3/1,Under Set,1,Chauvet B-1965FC,450w,,,,,,,,FP003-1,,B,,,96,,,,,,,,,,,,,,,,,,,,,,,,,,,,,,,,Not,,,,,,,,,,,12,22C7B0:3436:7:4:Jonat,,,Adding,3,1,,42,,Light,,10/10/2023 at 19:30 - DataCbl  by me,Under Set #1,Chauvet B-1965FC,Chauvet B-1965FC 450w,Chauvet B-1965FC 450w,,,,96,14.5 kg
,(162),14,3/97,Under Set,2,Chauvet B-1965FC,450w,,,,,,,,FP004-1,,B,,,96,,,,,,,,,,,,,,,,,,,,,,,,,,,,,,,,Not,,,,,,,,,,,13,51AEF0:343F:7:B:Jonat,,,Adding,3,97,,42,,Light,,10/10/2023 at 19:30 - DataCbl  by me,Under Set #2,Chauvet B-1965FC,Chauvet B-1965FC 450w,Chauvet B-1965FC 450w,,,,96,14.5 kg
,(151),31,1/31,Footlights,1,Par 16 Birdie,50w,,R371,,,,,,,,B,,,1,,,,,,,,,,,,,,,,,,,,,,,,,,,,,,,,Not,,,,,,,,,,,1,526C70:365A:37:1F:Jonat,,,Adding,1,31,,43,,Light,,10/10/2023 at 14:26 - Usr3  by me,Footlights #1,Par 16 Birdie,Par 16 Birdie 50w,Par 16 Birdie 50w,,R371,,1,0.2 kg
,(151),31,1/31,Footlights,1,Par 16 Birdie,50w,,R371,,,,,,,,B,,,1,,,,,,,,,,,,,,,,,,,,,,,,,,,,,,,,Not,,,,,,,,,,,2,27B028:3448:7:1D:Jonat,,,Adding,1,31,,43,,Light,,10/10/2023 at 14:26 - Usr3  by me,Footlights #1,Par 16 Birdie,Par 16 Birdie 50w,Par 16 Birdie 50w,,R371,,1,0.2 kg
,(152),32,1/32,Footlights,2,Par 16 Birdie,50w,,R371,,,,,,,,B,,,1,,,,,,,,,,,,,,,,,,,,,,,,,,,,,,,,Not,,,,,,,,,,,3,3B5A85:3663:37:24:Jonat,,,Adding,1,32,,43,,Light,,10/10/2023 at 14:26 - Usr3  by me,Footlights #2,Par 16 Birdie,Par 16 Birdie 50w,Par 16 Birdie 50w,,R371,,1,0.2 kg
,(152),32,1/32,Footlights,2,Par 16 Birdie,50w,,R371,,,,,,,,B,,,1,,,,,,,,,,,,,,,,,,,,,,,,,,,,,,,,Not,,,,,,,,,,,4,2218B7:3451:7:21:Jonat,,,Adding,1,32,,43,,Light,,10/10/2023 at 14:26 - Usr3  by me,Footlights #2,Par 16 Birdie,Par 16 Birdie 50w,Par 16 Birdie 50w,,R371,,1,0.2 kg
,(153),33,1/33,Footlights,3,Par 16 Birdie,50w,,R371,,,,,,,,B,,,1,,,,,,,,,,,,,,,,,,,,,,,,,,,,,,,,Not,,,,,,,,,,,5,545C2E:366C:37:28:Jonat,,,Adding,1,33,,43,,Light,,10/10/2023 at 14:26 - Usr3  by me,Footlights #3,Par 16 Birdie,Par 16 Birdie 50w,Par 16 Birdie 50w,,R371,,1,0.2 kg
,(153),33,1/33,Footlights,3,Par 16 Birdie,50w,,R371,,,,,,,,B,,,1,,,,,,,,,,,,,,,,,,,,,,,,,,,,,,,,Not,,,,,,,,,,,6,31BACF:345A:7:25:Jonat,,,Adding,1,33,,43,,Light,,10/10/2023 at 14:26 - Usr3  by me,Footlights #3,Par 16 Birdie,Par 16 Birdie 50w,Par 16 Birdie 50w,,R371,,1,0.2 kg
,(154),34,1/34,Footlights,4,Par 16 Birdie,50w,,R371,,,,,,,,B,,,1,,,,,,,,,,,,,,,,,,,,,,,,,,,,,,,,Not,,,,,,,,,,,7,67DD5D:3675:37:2B:Jonat,,,Adding,1,34,,43,,Light,,10/10/2023 at 14:26 - Usr3  by me,Footlights #4,Par 16 Birdie,Par 16 Birdie 50w,Par 16 Birdie 50w,,R371,,1,0.2 kg
,(154),34,1/34,Footlights,4,Par 16 Birdie,50w,,R371,,,,,,,,B,,,1,,,,,,,,,,,,,,,,,,,,,,,,,,,,,,,,Not,,,,,,,,,,,8,7DCC42:3463:7:29:Jonat,,,Adding,1,34,,43,,Light,,10/10/2023 at 14:26 - Usr3  by me,Footlights #4,Par 16 Birdie,Par 16 Birdie 50w,Par 16 Birdie 50w,,R371,,1,0.2 kg
,(155),35,1/35,Footlights,5,Par 16 Birdie,50w,,R371,,,,,,,,B,,,1,,,,,,,,,,,,,,,,,,,,,,,,,,,,,,,,Not,,,,,,,,,,,9,C74CF:3687:37:2F:Jonat,,,Adding,1,35,,43,,Light,,10/10/2023 at 14:26 - Usr3  by me,Footlights #5,Par 16 Birdie,Par 16 Birdie 50w,Par 16 Birdie 50w,,R371,,1,0.2 kg
,(155),35,1/35,Footlights,5,Par 16 Birdie,50w,,R371,,,,,,,,B,,,1,,,,,,,,,,,,,,,,,,,,,,,,,,,,,,,,Not,,,,,,,,,,,10,4C627E:367E:37:2F:Jonat,,,Adding,1,35,,43,,Light,,10/10/2023 at 14:26 - Usr3  by me,Footlights #5,Par 16 Birdie,Par 16 Birdie 50w,Par 16 Birdie 50w,,R371,,1,0.2 kg
,(155),35,1/35,Footlights,5,Par 16 Birdie,50w,,R371,,,,,,,,B,,,1,,,,,,,,,,,,,,,,,,,,,,,,,,,,,,,,Not,,,,,,,,,,,11,8A3BE2:346C:7:2D:Jonat,,,Adding,1,35,,43,,Light,,10/10/2023 at 14:26 - Usr3  by me,Footlights #5,Par 16 Birdie,Par 16 Birdie 50w,Par 16 Birdie 50w,,R371,,1,0.2 kg
,(156),25,1/25,Footlights,6,Par 16 Birdie,50w,,R371,,,,,,,,B,,,1,,,,,,,,,,,,,,,,,,,,,,,,,,,,,,,,Not,,,,,,,,,,,12,8BD1B5:3690:37:3A:Jonat,,,Adding,1,25,,43,,Light,,10/10/2023 at 14:26 - Usr3  by me,Footlights #6,Par 16 Birdie,Par 16 Birdie 50w,Par 16 Birdie 50w,,R371,,1,0.2 kg
,(156),25,1/25,Footlights,6,Par 16 Birdie,50w,,R371,,,,,,,,B,,,1,,,,,,,,,,,,,,,,,,,,,,,,,,,,,,,,Not,,,,,,,,,,,13,49BB26:3475:7:31:Jonat,,,Adding,1,25,,43,,Light,,10/10/2023 at 14:26 - Usr3  by me,Footlights #6,Par 16 Birdie,Par 16 Birdie 50w,Par 16 Birdie 50w,,R371,,1,0.2 kg
,(157),26,1/26,Footlights,7,Par 16 Birdie,50w,,R371,,,,,,,,B,,,1,,,,,,,,,,,,,,,,,,,,,,,,,,,,,,,,Not,,,,,,,,,,,14,634784:3699:38:3:Jonat,,,Adding,1,26,,43,,Light,,10/10/2023 at 14:26 - Usr3  by me,Footlights #7,Par 16 Birdie,Par 16 Birdie 50w,Par 16 Birdie 50w,,R371,,1,0.2 kg
,(157),26,1/26,Footlights,7,Par 16 Birdie,50w,,R371,,,,,,,,B,,,1,,,,,,,,,,,,,,,,,,,,,,,,,,,,,,,,Not,,,,,,,,,,,15,289875:347E:7:36:Jonat,,,Adding,1,26,,43,,Light,,10/10/2023 at 14:26 - Usr3  by me,Footlights #7,Par 16 Birdie,Par 16 Birdie 50w,Par 16 Birdie 50w,,R371,,1,0.2 kg
,(158),27,1/27,Footlights,8,Par 16 Birdie,50w,,R371,,,,,,,,B,,,1,,,,,,,,,,,,,,,,,,,,,,,,,,,,,,,,Not,,,,,,,,,,,16,8DDB01:36A2:38:7:Jonat,,,Adding,1,27,,43,,Light,,10/10/2023 at 14:26 - Usr3  by me,Footlights #8,Par 16 Birdie,Par 16 Birdie 50w,Par 16 Birdie 50w,,R371,,1,0.2 kg
,(158),27,1/27,Footlights,8,Par 16 Birdie,50w,,R371,,,,,,,,B,,,1,,,,,,,,,,,,,,,,,,,,,,,,,,,,,,,,Not,,,,,,,,,,,17,74EFE1:3487:7:3B:Jonat,,,Adding,1,27,,43,,Light,,10/10/2023 at 14:26 - Usr3  by me,Footlights #8,Par 16 Birdie,Par 16 Birdie 50w,Par 16 Birdie 50w,,R371,,1,0.2 kg
,(159),28,1/28,Footlights,9,Par 16 Birdie,50w,,R371,,,,,,,,B,,,1,,,,,,,,,,,,,,,,,,,,,,,,,,,,,,,,Not,,,,,,,,,,,18,7C2520:36AB:38:C:Jonat,,,Adding,1,28,,43,,Light,,10/10/2023 at 14:26 - Usr3  by me,Footlights #9,Par 16 Birdie,Par 16 Birdie 50w,Par 16 Birdie 50w,,R371,,1,0.2 kg
,(159),28,1/28,Footlights,9,Par 16 Birdie,50w,,R371,,,,,,,,B,,,1,,,,,,,,,,,,,,,,,,,,,,,,,,,,,,,,Not,,,,,,,,,,,19,5632A7:3490:8:4:Jonat,,,Adding,1,28,,43,,Light,,10/10/2023 at 14:26 - Usr3  by me,Footlights #9,Par 16 Birdie,Par 16 Birdie 50w,Par 16 Birdie 50w,,R371,,1,0.2 kg
,(41),36,5/116,Stalls Boom SR,1,GLP X4,350w,,,,,,,,FP005-1,,B,,,21,,,,,,,,,,,,,,,,,,,,,,,,,,,,,,,,Not,,,,,,,,,,,1,8EA0AB:353B:14:25:Jonat,,,Adding,5,116,,44,,Moving Light,,10/10/2023 at 19:22 - DataCbl  by me,Stalls Boom SR #1,GLP X4,GLP X4 350w,GLP X4 350w,,,,21,7.5 kg
,(42),30,6/116,Stalls Boom SL,1,GLP X4,350w,,,,,,,,FP006-1,,B,,,21,,,,,,,,,,,,,,,,,,,,,,,,,,,,,,,,Not,,,,,,,,,,,1,51847B:3499:8:2B:Jonat,,,Adding,6,116,,45,,Moving Light,,10/10/2023 at 19:22 - DataCbl  by me,Stalls Boom SL #1,GLP X4,GLP X4 350w,GLP X4 350w,,,,21,7.5 kg
,(702),162,7/200,SL Balcony,,Lustr,,,,,,,,,,,B,,,1,,,,,,,,,,,,,,,,,,,,,,,,,,,,,,,,Not,,,,,,,,,,,1,1F5EFF:41BD:1C:3B:Jonat,,,No,7,200,,46,,Light,,10/10/2023 at 14:24 - Usr3  by me,SL Balcony #,Lustr,Lustr,Lustr,,,,10,8.3 kg
,(701),174,7/100,SR Balcony,,Lustr,,,,,,,,,,,B,,,1,,,,,,,,,,,,,,,,,,,,,,,,,,,,,,,,Not,,,,,,,,,,,1,524244:41B8:1C:38:Jonat,,,No,7,100,,47,,Light,,10/10/2023 at 14:24 - Usr3  by me,SR Balcony #,Lustr,Lustr,Lustr,,,,10,8.3 kg
